tr,r0_x,r0_y,r0_z,v0_x,v0_y,v0_z,g_x,g_y,g_x_bin,g_y_bin,tf,is_roll,tg,type,goes_in
4,7.07070707070707,9.11111111111111,0.11,-0.21270254155479393,-7.987340241890621,5.420286692524863,6.828078557205467,-0.08941314891632768,3,0,1.10505335219671,False,1.140694002657697,almost_in,0
