Model,Num Steps,Error,Inference Time,Training Time
Tracker2L,1,105.46487621874877,0.020337600000493693,17.136449300000095
Tracker2L,1,199.1101690396638,0.0039074399999663,11.174464400000943
ImageClassification,1,104.64064838734781,0.0051026200002525,15.20860569999968
ImageRegression,1,199.0229993313856,0.0027080400002887474,13.013253400000394
