Model,Num Steps,Error,Inference Time,Training Time
Tracker2L,20,3.0701422621982277,0.001584125583332726,391.56675279999996
Tracker2L,100,3.37236521257149,0.006891456333332542,325.38943300000005
Tracker3L,20,1.329741962539337,0.003338854666666862,668.7457939000001
Tracker3L,100,1.400581780831826,0.031032894166667123,5608.5272728
TrackerRegression,20,1.9067920247103969,0.002724543249993682,601.9742424000005
TrackerRegression,100,3.4583420170900467,0.01777094500002325,6052.738710199999
