Model,Num Steps,Error,Inference Time,Training Time
Tracker2L,20,0.6754113267451818,0.043693620000010466,272.1767903
Tracker2L,20,2.1287984734727234,0.03842255999998088,272.9177984
ImageClassification,20,0.7315531037499312,0.03704282000001058,285.95065209999996
ImageRegression,20,2.1087794634923704,0.053317959999958475,298.43204400000013
