Model,Num Steps,Error,Inference Time,Training Time
Tracker2L,20,1.891449083969859,0.0012364243333164875,335.73614640000596
Tracker2L,100,2.669465837683289,0.006107460416642425,244.60499870000058
Tracker3L,20,0.8040108646700893,0.001951965833280459,345.6271229000049
Tracker3L,100,0.9347725528980713,0.008161213166519398,350.09380339999916
TrackerRegression,20,1.2972876080575457,0.001974352000052022,323.5842188999959
TrackerRegression,100,1.3537959897086242,0.008516219416602931,349.50581570000213
